"No.","Time","Source","Destination","Protocol","Length","Info"
"1","0.000000","192.168.0.14","192.168.0.16","HTTP","419","POST /jsonrpc HTTP/1.1  (application/json)"
"2","0.000220","192.168.0.16","192.168.0.14","TCP","66","80 > 54578 [ACK] Seq=1 Ack=354 Win=1332 Len=0 TSval=137535 TSecr=40876266"
"3","0.006940","192.168.0.16","192.168.0.14","HTTP","395","HTTP/1.1 200 OK  (application/json)"
"4","0.028834","192.168.0.14","192.168.0.16","TCP","66","54578 > 80 [ACK] Seq=354 Ack=330 Win=507 Len=0 TSval=40876269 TSecr=137536"
"5","0.043365","192.168.0.14","192.168.0.16","HTTP","1008","POST /jsonrpc HTTP/1.1  (application/json)"
"6","0.074857","192.168.0.16","192.168.0.14","TCP","66","80 > 35012 [ACK] Seq=1 Ack=943 Win=1332 Len=0 TSval=137543 TSecr=40876270"
"7","0.376910","192.168.0.16","192.168.0.14","HTTP","1329","HTTP/1.1 200 OK  (application/json)"
"8","0.428784","192.168.0.14","192.168.0.16","TCP","66","35012 > 80 [ACK] Seq=943 Ack=1264 Win=507 Len=0 TSval=40876309 TSecr=137573"
"9","1.964385","192.168.0.14","192.168.0.16","HTTP","419","POST /jsonrpc HTTP/1.1  (application/json)"
"10","1.964575","192.168.0.16","192.168.0.14","TCP","66","80 > 56838 [ACK] Seq=1 Ack=354 Win=1332 Len=0 TSval=137731 TSecr=40876461"
"11","1.974502","192.168.0.16","192.168.0.14","HTTP","395","HTTP/1.1 200 OK  (application/json)"
